"","ID.","Habitat","ResDimension","ConDimension","Model","AIC","BIC"
"5",39835,1,2,2,"PowFit",-81.6209618600973,-81.3826372350578
"6",39835,1,2,2,"QuaFit",-100.71673107138,-100.398964904661
"7",39835,1,2,2,"GenFit",NA,NA
"8",39835,1,2,2,"CubFit",NA,NA
"9",39836,1,1,1,"PowFit",-195.128782868222,-194.22102758924
"10",39836,1,1,1,"QuaFit",-180.428102584977,-179.217762213001
"11",39836,1,1,1,"GenFit",NA,NA
"12",39836,1,1,1,"CubFit",-191.851427200844,-190.338501735874
"13",39837,1,1,1,"PowFit",-118.375149350564,-117.467394071582
"14",39837,1,1,1,"QuaFit",-168.961156544781,-167.750816172805
"15",39837,1,1,1,"GenFit",NA,NA
"16",39837,1,1,1,"CubFit",-168.367043019496,-166.854117554526
"17",39838,1,1,1,"PowFit",-128.507890029178,-127.600134750195
"18",39838,1,1,1,"QuaFit",-201.404303377441,-200.193963005465
"19",39838,1,1,1,"GenFit",NA,NA
"20",39838,1,1,1,"CubFit",-199.546383211588,-198.033457746618
"21",39839,1,1,1,"PowFit",-182.486924168916,-181.579168889933
"22",39839,1,1,1,"QuaFit",-190.766749996257,-189.556409624281
"23",39839,1,1,1,"GenFit",NA,NA
"24",39839,1,1,1,"CubFit",-194.139299947653,-192.626374482682
"25",39840,1,2,2,"PowFit",-12.3871896194779,-7.63663280410955
"26",39840,1,2,2,"QuaFit",-12.0763229797263,-5.74224722590186
"27",39840,1,2,2,"GenFit",-11.5713274849356,-5.23725173111117
"28",39840,1,2,2,"CubFit",-10.7539452897457,-2.83635059746516
"29",39841,1,2,2,"PowFit",-33.6114302617574,-28.4707140616445
"30",39841,1,2,2,"QuaFit",-25.9876330085069,-19.1333447416897
"31",39841,1,2,2,"GenFit",-32.4050183403781,-25.5507300735609
"32",39841,1,2,2,"CubFit",-32.616104246142,-24.0482439126205
"33",39842,1,2,2,"PowFit",4.04488975960523,8.62397133345371
"34",39842,1,2,2,"QuaFit",-0.0557007596057559,6.04974133885889
"35",39842,1,2,2,"GenFit",12.8539797328665,18.9594218313311
"36",39842,1,2,2,"CubFit",1.83068750093461,9.46249012401541
"37",39843,1,2,2,"PowFit",-25.2298286760489,-21.2332151455233
"38",39843,1,2,2,"QuaFit",-20.8176860886439,-15.4888680479431
"39",39843,1,2,2,"GenFit",-23.8755986797896,-18.5467806390888
"40",39843,1,2,2,"CubFit",-20.538195438512,-13.877172887636
"41",39844,1,2,2,"PowFit",-25.42791587305,-20.2149070181999
"42",39844,1,2,2,"QuaFit",-20.973728169713,-14.0230496965795
"43",39844,1,2,2,"GenFit",-23.6797498824711,-16.7290714093376
"44",39844,1,2,2,"CubFit",-22.755850833576,-14.0675027421592
"45",39845,1,2,2,"PowFit",-14.4449927072159,-10.9108312161721
"46",39845,1,2,2,"QuaFit",-11.7422496350324,-7.03003431364058
"47",39845,1,2,2,"GenFit",-12.5577150399637,-7.84549971857187
"48",39845,1,2,2,"CubFit",-9.9844225660767,-4.09415341433697
"49",39846,1,2,2,"PowFit",-10.4551408688667,-7.0486582210793
"50",39846,1,2,2,"QuaFit",-11.4937749255651,-6.95179806184854
"51",39846,1,2,2,"GenFit",27.6844683184621,32.2264451821787
"52",39846,1,2,2,"CubFit",-9.51065329139076,-3.83318221174501
"53",39847,1,2,2,"PowFit",-32.1939080033074,-27.8919463898519
"54",39847,1,2,2,"QuaFit",-29.0610539748323,-23.3251051568917
"55",39847,1,2,2,"GenFit",-30.239977464197,-24.5040286462564
"56",39847,1,2,2,"CubFit",-32.4441979730312,-25.2742619506055
"57",39848,1,2,2,"PowFit",-10.458120430939,-6.80149295633441
"58",39848,1,2,2,"QuaFit",-9.58489482029345,-4.70939152082065
"59",39848,1,2,2,"GenFit",-8.72205846586077,-3.84655516638796
"60",39848,1,2,2,"CubFit",-7.82929400989246,-1.73491488555146
"61",39849,1,2,2,"PowFit",-11.4063140595895,-8.27274674641921
"62",39849,1,2,2,"QuaFit",-14.1858818384856,-10.0077920875919
"63",39849,1,2,2,"GenFit",-2.26740066906603,1.91068908182766
"64",39849,1,2,2,"CubFit",-12.2764842756245,-7.05387208700737
"65",39850,1,2,2,"PowFit",-22.7857772772188,-19.9524603397195
"66",39850,1,2,2,"QuaFit",-23.905069133278,-20.1273132166123
"67",39850,1,2,2,"GenFit",-20.7859205640494,-17.0081646473836
"68",39850,1,2,2,"CubFit",-29.2946271008978,-24.5724322050656
"69",39868,1,2,2,"PowFit",-84.0843387750226,-84.7090603673385
"70",39868,1,2,2,"QuaFit",-84.2872539011432,-85.120216024231
"71",39868,1,2,2,"GenFit",NA,NA
"72",39868,1,2,2,"CubFit",-82.4208354598013,-83.4620381136611
"73",39869,1,2,2,"PowFit",-72.5769448091295,-73.2016664014454
"74",39869,1,2,2,"QuaFit",-69.0371303902385,-69.8700925133263
"75",39869,1,2,2,"GenFit",-68.9640876144225,-69.7970497375103
"76",39869,1,2,2,"CubFit",-72.2460312206338,-73.2872338744935
"77",39870,1,2,2,"PowFit",-82.6139240104903,-83.2386456028061
"78",39870,1,2,2,"QuaFit",-84.117946869627,-84.9509089927147
"79",39870,1,2,2,"GenFit",NA,NA
"80",39870,1,2,2,"CubFit",-82.1691291202759,-83.2103317741357
"81",39871,1,2,2,"PowFit",-68.148422094168,-68.7731436864839
"82",39871,1,2,2,"QuaFit",-64.8524330578981,-65.6853951809859
"83",39871,1,2,2,"GenFit",NA,NA
"84",39871,1,2,2,"CubFit",-73.4146046689943,-74.4558073228541
"85",39873,1,2,2,"PowFit",-94.5717023563545,-95.1964239486704
"86",39873,1,2,2,"QuaFit",-94.7894866390939,-95.6224487621817
"87",39873,1,2,2,"GenFit",-65.6409945980493,-66.4739567211371
"88",39873,1,2,2,"CubFit",-94.3679029769818,-95.4091056308415
"89",39874,1,2,2,"PowFit",-86.3058757323313,-86.9305973246472
"90",39874,1,2,2,"QuaFit",-85.4760077931611,-86.3089699162489
"91",39874,1,2,2,"GenFit",-83.6553224273161,-84.4882845504039
"92",39874,1,2,2,"CubFit",-83.7150684906613,-84.756271144521
"93",39875,1,2,2,"PowFit",-62.8031010631987,-63.4278226555146
"94",39875,1,2,2,"QuaFit",-69.6530828451878,-70.4860449682756
"95",39875,1,2,2,"GenFit",NA,NA
"96",39875,1,2,2,"CubFit",-73.5269158215161,-74.5681184753758
"97",39876,1,2,2,"PowFit",-68.2542243240923,-68.8789459164081
"98",39876,1,2,2,"QuaFit",-67.9084383653766,-68.7414004884644
"99",39876,1,2,2,"GenFit",NA,NA
"100",39876,1,2,2,"CubFit",-67.6467724159729,-68.6879750698327
"101",39877,1,2,2,"PowFit",-64.1521532553003,-64.7768748476161
"102",39877,1,2,2,"QuaFit",-72.4822951794826,-73.3152573025704
"103",39877,1,2,2,"GenFit",NA,NA
"104",39877,1,2,2,"CubFit",-73.7763694402564,-74.8175720941161
"105",39878,1,2,2,"PowFit",-101.217587553598,-101.842309145914
"106",39878,1,2,2,"QuaFit",-99.6455053571089,-100.478467480197
"107",39878,1,2,2,"GenFit",NA,NA
"108",39878,1,2,2,"CubFit",-97.6752669165006,-98.7164695703604
"109",39879,1,2,2,"PowFit",-72.5140615208525,-73.1387831131683
"110",39879,1,2,2,"QuaFit",-88.7863884691598,-89.6193505922476
"111",39879,1,2,2,"GenFit",NA,NA
"112",39879,1,2,2,"CubFit",-88.7645145131312,-89.8057171669909
"113",39880,1,2,2,"PowFit",-79.9809651145893,-80.6056867069052
"114",39880,1,2,2,"QuaFit",-76.0058749603711,-76.8388370834589
"115",39880,1,2,2,"GenFit",-48.7323991521522,-49.56536127524
"116",39880,1,2,2,"CubFit",-75.1380939572383,-76.179296611098
"117",39881,1,2,2,"PowFit",-59.5027529345978,-60.1274745269136
"118",39881,1,2,2,"QuaFit",-79.554057413983,-80.3870195370708
"119",39881,1,2,2,"GenFit",NA,NA
"120",39881,1,2,2,"CubFit",-80.3272952593073,-81.3684979131671
"121",39882,1,2,2,"PowFit",-80.2787008060517,-80.9034223983676
"122",39882,1,2,2,"QuaFit",-75.7139572729331,-76.5469193960209
"123",39882,1,2,2,"GenFit",13.6359995718886,12.8030374488008
"124",39882,1,2,2,"CubFit",-76.087854134142,-77.1290567880017
"125",39883,3,1,1,"PowFit",-846.264560006789,-840.528490990505
"126",39883,3,1,1,"QuaFit",-875.696012735725,-868.047920714012
"127",39883,3,1,1,"GenFit",-864.080750976538,-856.432658954826
"128",39883,3,1,1,"CubFit",-880.278870969078,-870.718755941937
"129",39885,3,1,1,"PowFit",-107.345447236804,-107.97016882912
"130",39885,3,1,1,"QuaFit",-104.204800765073,-105.037762888161
"131",39885,3,1,1,"GenFit",-106.366681102599,-107.199643225687
"132",39885,3,1,1,"CubFit",-107.050388564011,-108.091591217871
"133",39890,1,2,1,"PowFit",-89.8455805394639,-90.4703021317798
"134",39890,1,2,1,"QuaFit",-92.3112048069109,-93.1441669299986
"135",39890,1,2,1,"GenFit",-68.9204637912611,-69.7534259143489
"136",39890,1,2,1,"CubFit",-90.8258664466186,-91.8670691004783
"137",39891,1,2,1,"PowFit",-89.859600999418,-90.4843225917339
"138",39891,1,2,1,"QuaFit",-85.0598121946328,-85.8927743177206
"139",39891,1,2,1,"GenFit",-87.8646873707299,-88.6976494938176
"140",39891,1,2,1,"CubFit",-91.3697750873797,-92.4109777412394
"141",39892,3,1,1,"PowFit",-212.58296617233,-209.749649234831
"142",39892,3,1,1,"QuaFit",-278.462397104938,-274.684641188272
"143",39892,3,1,1,"GenFit",NA,NA
"144",39892,3,1,1,"CubFit",-284.668498697459,-279.946303801627
"145",39893,3,1,1,"PowFit",-243.02464822759,-240.353532953902
"146",39893,3,1,1,"QuaFit",-284.930128060856,-281.368641029271
"147",39893,3,1,1,"GenFit",NA,NA
"148",39893,3,1,1,"CubFit",-284.08897955153,-279.637120762049
"149",39894,3,1,1,"PowFit",-111.196443699041,-111.358713251875
"150",39894,3,1,1,"QuaFit",-100.8800642023,-101.096423606079
"151",39894,3,1,1,"GenFit",-109.657584969196,-109.873944372975
"152",39894,3,1,1,"CubFit",-106.166827644469,-106.437276899192
"153",39895,1,2,2,"PowFit",-119.559721016723,-119.321396391684
"154",39895,1,2,2,"QuaFit",-116.561084326241,-116.243318159521
"155",39895,1,2,2,"GenFit",-117.581753513573,-117.263987346853
"156",39895,1,2,2,"CubFit",-119.572482369473,-119.175274661074
"157",39896,1,2,2,"PowFit",-117.492012654335,-117.253688029295
"158",39896,1,2,2,"QuaFit",-120.07613671274,-119.758370546021
"159",39896,1,2,2,"GenFit",-119.435524160888,-119.117757994169
"160",39896,1,2,2,"CubFit",-118.19697205686,-117.799764348461
"161",39897,1,2,2,"PowFit",-121.880051944384,-121.641727319344
"162",39897,1,2,2,"QuaFit",-120.609193835047,-120.291427668328
"163",39897,1,2,2,"GenFit",-119.976230783936,-119.658464617217
"164",39897,1,2,2,"CubFit",-119.104516592957,-118.707308884558
"165",39898,1,2,2,"PowFit",-131.57553872351,-131.337214098471
"166",39898,1,2,2,"QuaFit",-142.048161062696,-141.730394895976
"167",39898,1,2,2,"GenFit",NA,NA
"168",39898,1,2,2,"CubFit",-140.952073030061,-140.554865321662
"169",39899,1,2,2,"PowFit",-119.996686215498,-119.758361590458
"170",39899,1,2,2,"QuaFit",-128.760538612602,-128.442772445883
"171",39899,1,2,2,"GenFit",-124.831453910248,-124.513687743528
"172",39899,1,2,2,"CubFit",-126.869045007045,-126.471837298646
"173",39900,1,2,2,"PowFit",-130.569741095431,-130.331416470392
"174",39900,1,2,2,"QuaFit",-129.251461850527,-128.933695683808
"175",39900,1,2,2,"GenFit",-132.571729121892,-132.253962955172
"176",39900,1,2,2,"CubFit",-131.843281854701,-131.446074146302
"177",39901,1,2,2,"PowFit",-106.634966783511,-106.396642158471
"178",39901,1,2,2,"QuaFit",-121.980073717289,-121.66230755057
"179",39901,1,2,2,"GenFit",-111.551786263148,-111.234020096429
"180",39901,1,2,2,"CubFit",-121.446387160297,-121.049179451897
"181",39902,1,2,2,"PowFit",-113.741026678364,-113.502702053325
"182",39902,1,2,2,"QuaFit",-111.347070610787,-111.029304444067
"183",39902,1,2,2,"GenFit",-116.247759454655,-115.929993287935
"184",39902,1,2,2,"CubFit",-109.523512025019,-109.12630431662
"185",39903,1,2,2,"PowFit",-110.773957467126,-110.535632842087
"186",39903,1,2,2,"QuaFit",-108.487362183602,-108.169596016883
"187",39903,1,2,2,"GenFit",-108.843595199153,-108.525829032434
"188",39903,1,2,2,"CubFit",-106.692609446825,-106.295401738426
"189",39904,1,2,2,"PowFit",-121.930460379354,-121.692135754315
"190",39904,1,2,2,"QuaFit",-125.381141877445,-125.063375710726
"191",39904,1,2,2,"GenFit",-128.683956815252,-128.366190648532
"192",39904,1,2,2,"CubFit",-123.397255429577,-123.000047721177
"193",39905,1,2,2,"PowFit",-120.461438822412,-120.223114197372
"194",39905,1,2,2,"QuaFit",-118.880446598166,-118.562680431447
"195",39905,1,2,2,"GenFit",-119.471611200933,-119.153845034213
"196",39905,1,2,2,"CubFit",-117.088385289705,-116.691177581306
"197",39906,1,2,2,"PowFit",-130.222756637212,-129.984432012172
"198",39906,1,2,2,"QuaFit",-126.033286426959,-125.71552026024
"199",39906,1,2,2,"GenFit",-128.882897924494,-128.565131757775
"200",39906,1,2,2,"CubFit",-125.723250874261,-125.326043165861
"201",39907,3,1,1,"PowFit",-182.324118453595,-179.05099109352
"202",39907,3,1,1,"QuaFit",-184.01010268018,-179.645932866747
"203",39907,3,1,1,"GenFit",NA,NA
"204",39907,3,1,1,"CubFit",-185.813129947064,-180.357917680273
"205",39908,3,1,1,"PowFit",-155.261166492913,-155.022841867874
"206",39908,3,1,1,"QuaFit",-143.170160407701,-142.852394240981
"207",39908,3,1,1,"GenFit",-155.907815362361,-155.590049195642
"208",39908,3,1,1,"CubFit",-146.154852200325,-145.757644491926
"209",39909,3,1,1,"PowFit",-145.548842177864,-145.310517552824
"210",39909,3,1,1,"QuaFit",-139.795063650391,-139.477297483672
"211",39909,3,1,1,"GenFit",-100.486334490732,-100.168568324013
"212",39909,3,1,1,"CubFit",-145.121941061591,-144.724733353192
"213",39910,1,2,2,"PowFit",815.328659924685,820.395298287027
"214",39910,1,2,2,"QuaFit",764.129391245162,770.884909061617
"215",39910,1,2,2,"GenFit",817.328659437875,824.084177254331
"216",39910,1,2,2,"CubFit",763.882082239875,772.326479510445
"217",39911,1,2,2,"PowFit",817.211420010451,822.424428865301
"218",39911,1,2,2,"QuaFit",776.867019037184,783.817697510318
"219",39911,1,2,2,"GenFit",783.825692603232,790.776371076365
"220",39911,1,2,2,"CubFit",778.332425021169,787.020773112585
"221",39912,1,2,2,"PowFit",-49.1862821279025,-48.9479575028629
"222",39912,1,2,2,"QuaFit",-99.2707204579906,-98.9529542912713
"223",39912,1,2,2,"GenFit",NA,NA
"224",39912,1,2,2,"CubFit",-125.961448916952,-125.564241208553
"225",39914,1,2,2,"PowFit",41.8370007529689,43.0306865713641
"226",39914,1,2,2,"QuaFit",47.7374664437837,49.3290475349772
"227",39914,1,2,2,"GenFit",75.8942781790596,77.4858592702531
"228",39914,1,2,2,"CubFit",49.7326677795561,51.7221441435479
"229",39915,3,1,1,"PowFit",-78.1965567153527,-76.7418367659887
"230",39915,3,1,1,"QuaFit",-71.9836439506832,-70.0440173515312
"231",39915,3,1,1,"GenFit",NA,NA
"232",39915,3,1,1,"CubFit",-71.725748574489,-69.301215325549
"233",39916,3,1,1,"PowFit",-27.0821365789732,-27.2444061318072
"234",39916,3,1,1,"QuaFit",-18.7100062746151,-18.9263656783939
"235",39916,3,1,1,"GenFit",-50.2097614330906,-50.4261208368693
"236",39916,3,1,1,"CubFit",-33.8079571375014,-34.0784063922249
"237",39918,3,1,1,"PowFit",-63.046849000838,-62.4551752688294
"238",39918,3,1,1,"QuaFit",-83.9744060452292,-83.1855077358843
"239",39918,3,1,1,"GenFit",NA,NA
"240",39918,3,1,1,"CubFit",-82.0777663267102,-81.0916434400291
"241",39924,3,1,1,"PowFit",-145.412262860779,-146.036984453095
"242",39924,3,1,1,"QuaFit",-141.963220231393,-142.796182354481
"243",39924,3,1,1,"GenFit",-157.77838462565,-158.611346748738
"244",39924,3,1,1,"CubFit",-155.678863132124,-156.720065785983
"245",39925,3,3,1,"PowFit",2.17366266280234,6.92421947817067
"246",39925,3,3,1,"QuaFit",-57.8528305514809,-51.5187547976565
"247",39925,3,3,1,"GenFit",4.17366343703111,10.5077391908555
"248",39925,3,3,1,"CubFit",-58.6265495607623,-50.7089548684818
"249",39931,3,3,1,"PowFit",-116.9434350735,-117.568156665816
"250",39931,3,3,1,"QuaFit",-114.491938852951,-115.324900976039
"251",39931,3,3,1,"GenFit",-116.070223455409,-116.903185578497
"252",39931,3,3,1,"CubFit",-117.30468333508,-118.34588598894
"253",39932,3,3,1,"PowFit",-64.4368518625475,-59.9473291781481
"254",39932,3,3,1,"QuaFit",-67.1771038520867,-61.1910736062208
"255",39932,3,3,1,"GenFit",NA,NA
"256",39932,3,3,1,"CubFit",-68.9603455037634,-61.477807696431
"257",39933,3,3,1,"PowFit",-252.638838858488,-250.13919882632
"258",39933,3,3,1,"QuaFit",-246.816514496867,-243.483661120643
"259",39933,3,3,1,"GenFit",-153.223210032112,-149.890356655887
"260",39933,3,3,1,"CubFit",-251.073186900368,-246.907120180087
"261",39934,2,2,1,"PowFit",229.372907780228,232.044023053916
"262",39934,2,2,1,"QuaFit",241.627313155216,245.188800186801
"263",39934,2,2,1,"GenFit",230.020874302351,233.582361333936
"264",39934,2,2,1,"CubFit",228.2174460709,232.669304860381
"265",39935,3,1,1,"PowFit",-141.135874401576,-141.29814395441
"266",39935,3,1,1,"QuaFit",-137.832954065369,-138.049313469148
"267",39935,3,1,1,"GenFit",-144.022661962361,-144.23902136614
"268",39935,3,1,1,"CubFit",-142.41301639092,-142.683465645643
"269",39936,3,1,1,"PowFit",-94.6518427102218,-95.2765643025376
"270",39936,3,1,1,"QuaFit",-92.6025591500313,-93.4355212731191
"271",39936,3,1,1,"GenFit",-95.3961674972937,-96.2291296203815
"272",39936,3,1,1,"CubFit",-96.2159544564801,-97.2571571103398
"273",39939,3,3,1,"PowFit",-296.852916425339,-292.455708716939
"274",39939,3,3,1,"QuaFit",-340.542466747142,-334.679523135943
"275",39939,3,3,1,"GenFit",NA,NA
"276",39939,3,3,1,"CubFit",-338.630530197125,-331.301850683127
"277",39940,2,3,1,"PowFit",-1418.8713791578,-1411.72529925378
"278",39940,2,3,1,"QuaFit",-1389.25226689803,-1379.72416035934
"279",39940,2,3,1,"GenFit",NA,NA
"280",39940,2,3,1,"CubFit",-1402.64595411506,-1390.73582094169
"281",39941,2,2,2,"PowFit",-76.1298571637114,-75.5381834317027
"282",39941,2,2,2,"QuaFit",-80.8131748873377,-80.0242765779928
"283",39941,2,2,2,"GenFit",-81.8906638976434,-81.1017655882985
"284",39941,2,2,2,"CubFit",-80.6907922579046,-79.7046693712235
"285",39942,2,2,2,"PowFit",-122.295635901083,-119.022508541008
"286",39942,2,2,2,"QuaFit",-122.206455256898,-117.842285443465
"287",39942,2,2,2,"GenFit",54.2058385665906,58.5700083800239
"288",39942,2,2,2,"CubFit",-120.613006879856,-115.157794613064
"289",39943,2,2,2,"PowFit",-18.0068350838963,-16.5521151345323
"290",39943,2,2,2,"QuaFit",-56.9387090133689,-54.9990824142169
"291",39943,2,2,2,"GenFit",-58.1522808785834,-56.2126542794314
"292",39943,2,2,2,"CubFit",-55.2101302482822,-52.7855969993422
"293",39944,2,2,2,"PowFit",-8.03510268214416,-4.50094119110032
"294",39944,2,2,2,"QuaFit",-48.7770276543349,-44.0648123329431
"295",39944,2,2,2,"GenFit",-6.03510325870388,-1.3228879373121
"296",39944,2,2,2,"CubFit",-73.807955177698,-67.9176860259583
"297",39947,3,1,2,"PowFit",-227.881993366043,-226.688307547648
"298",39947,3,1,2,"QuaFit",-226.408670606632,-224.817089515438
"299",39947,3,1,2,"GenFit",NA,NA
"300",39947,3,1,2,"CubFit",-224.472927371813,-222.483451007821
"301",39951,1,1,1,"PowFit",-106.113404192365,-106.738125784681
"302",39951,1,1,1,"QuaFit",-114.97275360376,-115.805715726848
"303",39951,1,1,1,"GenFit",-76.8584170405999,-77.6913791636877
"304",39951,1,1,1,"CubFit",-133.853590657217,-134.894793311077
"305",39952,1,1,1,"PowFit",-113.790650106381,-114.415371698696
"306",39952,1,1,1,"QuaFit",-115.995696778105,-116.828658901192
"307",39952,1,1,1,"GenFit",NA,NA
"308",39952,1,1,1,"CubFit",-138.433090764529,-139.474293418389
"309",39954,1,1,1,"PowFit",-117.45233092735,-118.077052519666
"310",39954,1,1,1,"QuaFit",-116.750231683936,-117.583193807024
"311",39954,1,1,1,"GenFit",NA,NA
"312",39954,1,1,1,"CubFit",-116.249940150669,-117.291142804529
"313",39955,3,1,1,"PowFit",-123.090038806463,-123.252308359297
"314",39955,3,1,1,"QuaFit",-122.217330586663,-122.433689990441
"315",39955,3,1,1,"GenFit",NA,NA
"316",39955,3,1,1,"CubFit",-121.900869104072,-122.171318358796
"317",39956,3,1,1,"PowFit",-116.321985335283,-116.484254888117
"318",39956,3,1,1,"QuaFit",-117.506833596299,-117.723193000078
"319",39956,3,1,1,"GenFit",NA,NA
"320",39956,3,1,1,"CubFit",-121.531618386359,-121.802067641083
"321",39957,3,1,1,"PowFit",-117.511748741536,-117.67401829437
"322",39957,3,1,1,"QuaFit",-116.463293062436,-116.679652466215
"323",39957,3,1,1,"GenFit",NA,NA
"324",39957,3,1,1,"CubFit",-114.818786790821,-115.089236045545
"325",39958,3,1,1,"PowFit",-120.57233847419,-120.734608027024
"326",39958,3,1,1,"QuaFit",-122.702153607127,-122.918513010906
"327",39958,3,1,1,"GenFit",NA,NA
"328",39958,3,1,1,"CubFit",-129.66784266559,-129.938291920313
"329",39959,3,1,1,"PowFit",-118.681584281562,-118.843853834396
"330",39959,3,1,1,"QuaFit",-116.693083825081,-116.90944322886
"331",39959,3,1,1,"GenFit",-116.633361124694,-116.849720528472
"332",39959,3,1,1,"CubFit",-114.942234019793,-115.212683274517
"333",39960,2,1,1,"PowFit",-118.748859934452,-119.373581526768
"334",39960,2,1,1,"QuaFit",-124.671651600144,-125.504613723231
"335",39960,2,1,1,"GenFit",-5.25543501484398,-6.08839713793176
"336",39960,2,1,1,"CubFit",-134.6386700019,-135.67987265576
"337",39961,2,1,1,"PowFit",-132.759378682835,-133.384100275151
"338",39961,2,1,1,"QuaFit",-134.83534982346,-135.668311946548
"339",39961,2,1,1,"GenFit",-145.093113911503,-145.92607603459
"340",39961,2,1,1,"CubFit",-134.722868591868,-135.764071245728
"341",39962,1,2,2,"PowFit",-67.5291467549244,-68.1538683472402
"342",39962,1,2,2,"QuaFit",-67.525916848983,-68.3588789720708
"343",39962,1,2,2,"GenFit",NA,NA
"344",39962,1,2,2,"CubFit",-69.9287046525614,-70.9699073064211
"345",39963,1,2,2,"PowFit",-103.919428812887,-103.011673533905
"346",39963,1,2,2,"QuaFit",-96.1643463937446,-94.9540060217684
"347",39963,1,2,2,"GenFit",-87.3227650010331,-86.112424629057
"348",39963,1,2,2,"CubFit",-96.6945271122176,-95.1816016472474
"349",39965,1,2,2,"PowFit",-9.05909799753607,-8.46742426552741
"350",39965,1,2,2,"QuaFit",-18.6452494648282,-17.8563511554834
"351",39965,1,2,2,"GenFit",-7.05909813646776,-6.27019982712288
"352",39965,1,2,2,"CubFit",-17.1822102299345,-16.1960873432534
"353",39966,1,2,2,"PowFit",-19.5249761376472,-18.6172208586651
"354",39966,1,2,2,"QuaFit",-21.9633925034135,-20.7530521314373
"355",39966,1,2,2,"GenFit",-17.5249763730405,-16.3146360010643
"356",39966,1,2,2,"CubFit",-20.6053629642578,-19.0924374992875
"357",39972,1,2,2,"PowFit",7.78667556579624,9.70384755464202
"358",39972,1,2,2,"QuaFit",11.7431672125533,14.2993965310143
"359",39972,1,2,2,"GenFit",9.36417077450329,11.9204000929643
"360",39972,1,2,2,"CubFit",13.1387460103289,16.3340326584052
"361",39973,1,2,2,"PowFit",57.8389106927279,57.214189100412
"362",39973,1,2,2,"QuaFit",49.9891841089249,49.1562219858371
"363",39973,1,2,2,"GenFit",35.4341227062258,34.601160583138
"364",39973,1,2,2,"CubFit",42.3172773980734,41.2760747442137
"365",39974,1,2,2,"PowFit",89.334782084856,88.7100604925402
"366",39974,1,2,2,"QuaFit",82.9919272955401,82.1589651724523
"367",39974,1,2,2,"GenFit",98.4119850100616,97.5790228869738
"368",39974,1,2,2,"CubFit",84.8562712143605,83.8150685605008
"369",39975,1,2,2,"PowFit",91.88757728818,91.2628556958641
"370",39975,1,2,2,"QuaFit",78.1690160604508,77.3360539373631
"371",39975,1,2,2,"GenFit",93.8875771699741,93.0546150468863
"372",39975,1,2,2,"CubFit",68.3901874319701,67.3489847781103
"373",39976,1,2,2,"PowFit",113.150447692007,112.988178139173
"374",39976,1,2,2,"QuaFit",117.876834760148,117.660475356369
"375",39976,1,2,2,"GenFit",124.890511198511,124.674151794733
"376",39976,1,2,2,"CubFit",108.717684719001,108.447235464277
"377",39977,1,2,2,"PowFit",-36.5770903702911,-36.7393599231251
"378",39977,1,2,2,"QuaFit",-37.1351358880693,-37.3514952918481
"379",39977,1,2,2,"GenFit",-38.4265498657195,-38.6429092694983
"380",39977,1,2,2,"CubFit",-37.8816141811905,-38.152063435914
"381",39978,1,2,2,"PowFit",-12.5841262687913,-12.7463958216253
"382",39978,1,2,2,"QuaFit",-14.5963362464169,-14.8126956501956
"383",39978,1,2,2,"GenFit",NA,NA
"384",39978,1,2,2,"CubFit",-12.6088413791945,-12.879290633918
"385",39979,1,2,2,"PowFit",-28.3889985762381,-29.0137201685539
"386",39979,1,2,2,"QuaFit",-30.6909620707938,-31.5239241938816
"387",39979,1,2,2,"GenFit",-27.6937811408813,-28.5267432639691
"388",39979,1,2,2,"CubFit",-30.0857168305244,-31.1269194843841
"389",39980,1,2,2,"PowFit",3.31611651029083,2.691394917975
"390",39980,1,2,2,"QuaFit",-12.0392212923151,-12.8721834154029
"391",39980,1,2,2,"GenFit",-12.1656525384949,-12.9986146615827
"392",39980,1,2,2,"CubFit",-10.5746089515532,-11.6158116054129
"393",39981,3,3,1,"PowFit",-127.445457776921,-128.070179369237
"394",39981,3,3,1,"QuaFit",-127.031773483418,-127.864735606506
"395",39981,3,3,1,"GenFit",-126.605272602004,-127.438234725092
"396",39981,3,3,1,"CubFit",-125.756635907725,-126.797838561585
"397",39982,2,2,2,"PowFit",-55.143963491926,-54.5522897599173
"398",39982,2,2,2,"QuaFit",-69.9424705281475,-69.1535722188026
"399",39982,2,2,2,"GenFit",NA,NA
"400",39982,2,2,2,"CubFit",-68.2712606191641,-67.285137732483
"401",39983,3,1,1,"PowFit",-295.983782766338,-294.790096947943
"402",39983,3,1,1,"QuaFit",-294.067238862082,-292.475657770889
"403",39983,3,1,1,"GenFit",-294.169979320518,-292.578398229325
"404",39983,3,1,1,"CubFit",-292.283079219852,-290.29360285586
"405",39984,3,1,1,"PowFit",-104.25975880728,-104.884480399596
"406",39984,3,1,1,"QuaFit",-104.612315947564,-105.445278070652
"407",39984,3,1,1,"GenFit",-73.3416101395145,-74.1745722626023
"408",39984,3,1,1,"CubFit",-111.969597709987,-113.010800363847
"409",39987,2,2,2,"PowFit",-132.732944649496,-130.061829375808
"410",39987,2,2,2,"QuaFit",-143.770666699011,-140.209179667427
"411",39987,2,2,2,"GenFit",NA,NA
"412",39987,2,2,2,"CubFit",-147.355564548511,-142.90370575903
"413",39988,2,2,2,"PowFit",-75.713225617611,-72.5796583044408
"414",39988,2,2,2,"QuaFit",-92.2907671887413,-88.1126774378476
"415",39988,2,2,2,"GenFit",NA,NA
"416",39988,2,2,2,"CubFit",-91.2349995130827,-86.0123873244656
"417",39989,3,1,1,"PowFit",-161.085890217919,-160.84756559288
"418",39989,3,1,1,"QuaFit",-163.065504495885,-162.747738329166
"419",39989,3,1,1,"GenFit",NA,NA
"420",39989,3,1,1,"CubFit",-161.730370218389,-161.33316250999
"421",39990,3,1,1,"PowFit",-158.01338061394,-157.775055988901
"422",39990,3,1,1,"QuaFit",-158.910572953419,-158.5928067867
"423",39990,3,1,1,"GenFit",NA,NA
"424",39990,3,1,1,"CubFit",-163.381233720944,-162.984026012545
"425",39991,3,1,1,"PowFit",-179.57438282653,-179.336058201491
"426",39991,3,1,1,"QuaFit",-173.862985265714,-173.545219098995
"427",39991,3,1,1,"GenFit",-177.632136499756,-177.314370333037
"428",39991,3,1,1,"CubFit",-174.677735178432,-174.280527470032
"429",39992,2,2,2,"PowFit",13.1634897363406,13.7551634683493
"430",39992,2,2,2,"QuaFit",15.4068680641827,16.1957663735276
"431",39992,2,2,2,"GenFit",19.9839751180083,20.7728734273532
"432",39992,2,2,2,"CubFit",15.2840076080811,16.2701304947622
"433",39993,2,2,2,"PowFit",-112.39066542879,-113.015387021106
"434",39993,2,2,2,"QuaFit",-118.688171913663,-119.521134036751
"435",39993,2,2,2,"GenFit",-87.3793390956637,-88.2123012187515
"436",39993,2,2,2,"CubFit",-127.266319452415,-128.307522106275
"437",39994,2,2,2,"PowFit",-157.009003961386,-156.770679336347
"438",39994,2,2,2,"QuaFit",-156.742243244224,-156.424477077505
"439",39994,2,2,2,"GenFit",-138.88280374047,-138.56503757375
"440",39994,2,2,2,"CubFit",-154.936217976957,-154.539010268558
"441",39995,2,2,2,"PowFit",-148.428191001182,-148.189866376143
"442",39995,2,2,2,"QuaFit",-146.783356241077,-146.465590074357
"443",39995,2,2,2,"GenFit",-144.243480309837,-143.925714143117
"444",39995,2,2,2,"CubFit",-144.816455249721,-144.419247541322
"445",39996,2,2,2,"PowFit",-148.057295513347,-147.818970888307
"446",39996,2,2,2,"QuaFit",-147.476750990401,-147.158984823682
"447",39996,2,2,2,"GenFit",-144.372784183893,-144.055018017174
"448",39996,2,2,2,"CubFit",-146.164138637041,-145.766930928642
"449",39997,2,2,2,"PowFit",-133.419279493808,-133.180954868769
"450",39997,2,2,2,"QuaFit",-138.847791202879,-138.53002503616
"451",39997,2,2,2,"GenFit",NA,NA
"452",39997,2,2,2,"CubFit",-137.496777927978,-137.099570219579
"453",39998,1,2,2,"PowFit",-0.419093252278811,-0.180768627239305
"454",39998,1,2,2,"QuaFit",-16.2751260252599,-15.9573598585406
"455",39998,1,2,2,"GenFit",-9.46976636665875,-9.15200019993941
"456",39998,1,2,2,"CubFit",-35.5942920875453,-35.1970843791461
"457",39999,1,2,2,"PowFit",3.74890463125475,3.98722925629425
"458",39999,1,2,2,"QuaFit",-7.38618726034806,-7.06842109362872
"459",39999,1,2,2,"GenFit",-14.5355207932857,-14.2177546265664
"460",39999,1,2,2,"CubFit",-20.6432501724601,-20.2460424640609
"461",40000,1,2,2,"PowFit",16.3819980119236,16.6203226369631
"462",40000,1,2,2,"QuaFit",-7.89371993267067,-7.57595376595133
"463",40000,1,2,2,"GenFit",18.3819978387582,18.6997640054775
"464",40000,1,2,2,"CubFit",-7.59363423154679,-7.19642652314761
"465",40001,1,2,2,"PowFit",14.4487654376453,14.6870900626848
"466",40001,1,2,2,"QuaFit",-24.922790101655,-24.6050239349357
"467",40001,1,2,2,"GenFit",9.55388976604132,9.87165593276066
"468",40001,1,2,2,"CubFit",-58.9779068359292,-58.58069912753
"469",40002,2,1,1,"PowFit",-123.983810977898,-124.146080530732
"470",40002,2,1,1,"QuaFit",-128.044160169367,-128.260519573146
"471",40002,2,1,1,"GenFit",NA,NA
"472",40002,2,1,1,"CubFit",-131.17719801822,-131.447647272944
"473",40003,2,1,1,"PowFit",-119.729659934382,-119.891929487216
"474",40003,2,1,1,"QuaFit",-120.938725052374,-121.155084456153
"475",40003,2,1,1,"GenFit",-118.920447073672,-119.136806477451
"476",40003,2,1,1,"CubFit",-120.759548144094,-121.029997398817
"477",40004,1,2,2,"PowFit",-140.653777111128,-139.199057161764
"478",40004,1,2,2,"QuaFit",-141.622595757394,-139.682969158242
"479",40004,1,2,2,"GenFit",-128.30163841926,-126.362011820108
"480",40004,1,2,2,"CubFit",-141.723342451286,-139.298809202346
"481",40005,1,2,2,"PowFit",-128.336452405174,-126.88173245581
"482",40005,1,2,2,"QuaFit",-127.257714046295,-125.318087447143
"483",40005,1,2,2,"GenFit",-129.242304301072,-127.30267770192
"484",40005,1,2,2,"CubFit",-134.900240939111,-132.475707690171
"485",40006,1,2,2,"PowFit",-148.95521918288,-147.500499233516
"486",40006,1,2,2,"QuaFit",-142.3977487669,-140.458122167748
"487",40006,1,2,2,"GenFit",-151.150762104268,-149.211135505116
"488",40006,1,2,2,"CubFit",-144.21797777706,-141.79344452812
"489",40007,1,2,2,"PowFit",-134.059634852647,-132.604914903283
"490",40007,1,2,2,"QuaFit",-138.88084530144,-136.941218702288
"491",40007,1,2,2,"GenFit",-133.381317406922,-131.44169080777
"492",40007,1,2,2,"CubFit",-138.281868276918,-135.857335027978
"493",40008,1,2,2,"PowFit",-89.536025631573,-89.2977010065335
"494",40008,1,2,2,"QuaFit",-90.7230976835744,-90.405331516855
"495",40008,1,2,2,"GenFit",-88.9841354863466,-88.6663693196272
"496",40008,1,2,2,"CubFit",-88.7504139552137,-88.3532062468146
"497",40009,1,2,2,"PowFit",-128.727195500768,-127.272475551404
"498",40009,1,2,2,"QuaFit",-126.324846641415,-124.385220042263
"499",40009,1,2,2,"GenFit",-128.979546142225,-127.039919543073
"500",40009,1,2,2,"CubFit",-130.633005617066,-128.208472368126
"501",40010,2,2,2,"PowFit",62.9805395969977,62.3558180046819
"502",40010,2,2,2,"QuaFit",63.8702686858178,63.03730656273
"503",40010,2,2,2,"GenFit",62.188856346314,61.3558942232263
"504",40010,2,2,2,"CubFit",55.6582700235141,54.6170673696544
"505",40013,3,3,1,"PowFit",-30.8213928334221,-30.5830682083826
"506",40013,3,3,1,"QuaFit",-19.8998448697295,-19.5820787030102
"507",40013,3,3,1,"GenFit",NA,NA
"508",40013,3,3,1,"CubFit",-21.3020078652267,-20.9048001568275
"509",40014,3,3,1,"PowFit",-18.2441596356845,-18.4064291885186
"510",40014,3,3,1,"QuaFit",-17.5669178192433,-17.783277223022
"511",40014,3,3,1,"GenFit",-22.9897515956199,-23.2061109993986
"512",40014,3,3,1,"CubFit",-19.539910381589,-19.8103596363125
"513",40017,1,2,2,"PowFit",-395.506892494724,-391.510278964198
"514",40017,1,2,2,"QuaFit",-401.403322665404,-396.074504624703
"515",40017,1,2,2,"GenFit",NA,NA
"516",40017,1,2,2,"CubFit",-399.793597955185,-393.132575404309
"517",40018,1,2,2,"PowFit",-404.386612781466,-400.08465116801
"518",40018,1,2,2,"QuaFit",-432.089128134323,-426.353179316383
"519",40018,1,2,2,"GenFit",NA,NA
"520",40018,1,2,2,"CubFit",-432.023762590465,-424.853826568039
"521",40019,1,2,2,"PowFit",-348.399660721126,-344.625371107061
"522",40019,1,2,2,"QuaFit",-389.265869051288,-384.233482899202
"523",40019,1,2,2,"GenFit",NA,NA
"524",40019,1,2,2,"CubFit",-389.93806765611,-383.647584966003
"525",40020,1,2,2,"PowFit",-388.636856740435,-384.749346142422
"526",40020,1,2,2,"QuaFit",-386.485121542519,-381.301774078502
"527",40020,1,2,2,"GenFit",NA,NA
"528",40020,1,2,2,"CubFit",-386.487504039507,-380.008319709485
"529",40021,1,2,2,"PowFit",-290.339326535862,-287.506009598362
"530",40021,1,2,2,"QuaFit",-288.63734537429,-284.859589457625
"531",40021,1,2,2,"GenFit",NA,NA
"532",40021,1,2,2,"CubFit",-286.637628629323,-281.915433733491
"533",40022,1,2,2,"PowFit",-324.888757354995,-322.055440417495
"534",40022,1,2,2,"QuaFit",-323.497103198539,-319.719347281874
"535",40022,1,2,2,"GenFit",NA,NA
"536",40022,1,2,2,"CubFit",-325.809982935344,-321.087788039512
"537",40023,1,2,2,"PowFit",-89.3193960173883,-89.4816655702224
"538",40023,1,2,2,"QuaFit",-94.8881454479447,-95.1045048517235
"539",40023,1,2,2,"GenFit",NA,NA
"540",40023,1,2,2,"CubFit",-102.470526930668,-102.740976185392
"541",40024,1,2,2,"PowFit",-84.0186640820612,-84.1809336348953
"542",40024,1,2,2,"QuaFit",-84.4758943921463,-84.6922537959251
"543",40024,1,2,2,"GenFit",-81.7780650834094,-81.9944244871881
"544",40024,1,2,2,"CubFit",-102.649592911085,-102.920042165809
"545",40025,1,2,2,"PowFit",-111.138550411264,-109.944864592869
"546",40025,1,2,2,"QuaFit",-130.433180732089,-128.841599640896
"547",40025,1,2,2,"GenFit",NA,NA
"548",40025,1,2,2,"CubFit",-133.918943853722,-131.92946748973
"549",40026,1,2,2,"PowFit",-59.9765377645018,-60.1388073173359
"550",40026,1,2,2,"QuaFit",-72.4573547506707,-72.6737141544495
"551",40026,1,2,2,"GenFit",NA,NA
"552",40026,1,2,2,"CubFit",-71.4791192598568,-71.7495685145802
"553",40027,1,2,2,"PowFit",-84.5178699976144,-83.9261962656057
"554",40027,1,2,2,"QuaFit",-88.2352306878815,-87.4463323785366
"555",40027,1,2,2,"GenFit",-42.6669583760476,-41.8780600667027
"556",40027,1,2,2,"CubFit",-87.4771008033522,-86.4909779166711
"557",40028,1,2,2,"PowFit",-58.0854407731342,-58.2477103259683
"558",40028,1,2,2,"QuaFit",-63.1486982786869,-63.3650576824656
"559",40028,1,2,2,"GenFit",-59.4033989221722,-59.6197583259509
"560",40028,1,2,2,"CubFit",-67.4089347756281,-67.6793840303515
"561",40029,1,2,2,"PowFit",-107.607098524428,-106.699343245446
"562",40029,1,2,2,"QuaFit",-105.874603296023,-104.664262924047
"563",40029,1,2,2,"GenFit",NA,NA
"564",40029,1,2,2,"CubFit",-104.322911170595,-102.809985705625
"565",40030,1,2,2,"PowFit",-59.9847190081628,-60.6094406004786
"566",40030,1,2,2,"QuaFit",-60.3291530883208,-61.1621152114086
"567",40030,1,2,2,"GenFit",NA,NA
"568",40030,1,2,2,"CubFit",-63.957419703545,-64.9986223574048
"569",40031,1,2,2,"PowFit",-151.663982548771,-150.756227269789
"570",40031,1,2,2,"QuaFit",-155.170049016813,-153.959708644837
"571",40031,1,2,2,"GenFit",NA,NA
"572",40031,1,2,2,"CubFit",-154.94462683338,-153.43170136841
"573",40032,1,2,2,"PowFit",-126.654700929373,-126.816970482207
"574",40032,1,2,2,"QuaFit",-130.695892945455,-130.912252349233
"575",40032,1,2,2,"GenFit",-127.027508577145,-127.243867980923
"576",40032,1,2,2,"CubFit",-128.732473151557,-129.00292240628
"577",40033,3,3,1,"PowFit",-110.599516024139,-105.386507169289
"578",40033,3,3,1,"QuaFit",-116.462682610153,-109.51200413702
"579",40033,3,3,1,"GenFit",-119.232512821435,-112.281834348302
"580",40033,3,3,1,"CubFit",-115.394989298057,-106.70664120664
"581",40034,3,1,1,"PowFit",-341.897320760192,-340.703634941796
"582",40034,3,1,1,"QuaFit",-339.814616442429,-338.223035351236
"583",40034,3,1,1,"GenFit",-339.922178958696,-338.330597867503
"584",40034,3,1,1,"CubFit",-338.510366269589,-336.520889905597
"585",40035,2,2,2,"PowFit",257.499281637587,261.155909112192
"586",40035,2,2,2,"QuaFit",244.36879549518,249.244298794653
"587",40035,2,2,2,"GenFit",273.121403934836,277.996907234308
"588",40035,2,2,2,"CubFit",242.763485484094,248.857864608435
"589",40036,2,2,2,"PowFit",335.041271484039,338.575432975083
"590",40036,2,2,2,"QuaFit",337.09194956365,341.804164885042
"591",40036,2,2,2,"GenFit",337.006692522268,341.71890784366
"592",40036,2,2,2,"CubFit",338.962732344215,344.853001495955
"593",40037,2,2,2,"PowFit",185.726211613756,188.859778926926
"594",40037,2,2,2,"QuaFit",172.877713382797,177.055803133691
"595",40037,2,2,2,"GenFit",178.309520141146,182.48760989204
"596",40037,2,2,2,"CubFit",173.763878336296,178.986490524913
"597",40038,1,2,2,"PowFit",-70.0884062872055,-65.598883602806
"598",40038,1,2,2,"QuaFit",-59.7613612067492,-53.7753309608833
"599",40038,1,2,2,"GenFit",-68.8852829522119,-62.899252706346
"600",40038,1,2,2,"CubFit",-68.3619493476957,-60.8794115403633
"601",40039,1,2,2,"PowFit",-81.7044849457877,-77.1254033719392
"602",40039,1,2,2,"QuaFit",-70.1460978251498,-64.0406557266851
"603",40039,1,2,2,"GenFit",-80.852369288401,-74.7469271899364
"604",40039,1,2,2,"CubFit",-81.1921374344283,-73.5603348113475
"605",40042,1,1,1,"PowFit",-872.405426542633,-864.973416099199
"606",40042,1,1,1,"QuaFit",-911.125400593821,-901.216053335908
"607",40042,1,1,1,"GenFit",NA,NA
"608",40042,1,1,1,"CubFit",-916.1800077484,-903.793323676009
"609",40043,1,1,1,"PowFit",-998.839996063884,-991.407985620449
"610",40043,1,1,1,"QuaFit",-997.182554734357,-987.273207476444
"611",40043,1,1,1,"GenFit",NA,NA
"612",40043,1,1,1,"CubFit",-995.336430717547,-982.949746645156
"613",40045,1,2,2,"PowFit",-186.094992622393,-182.20748202438
"614",40045,1,2,2,"QuaFit",-217.418752746131,-212.235405282114
"615",40045,1,2,2,"GenFit",NA,NA
"616",40045,1,2,2,"CubFit",-215.451435762811,-208.972251432789
"617",40046,1,2,2,"PowFit",-173.203644820065,-169.797162172277
"618",40046,1,2,2,"QuaFit",-174.866018558257,-170.324041694541
"619",40046,1,2,2,"GenFit",NA,NA
"620",40046,1,2,2,"CubFit",-173.984689999962,-168.307218920317
"621",40047,1,2,2,"PowFit",-1169.48422921619,-1162.61285089274
"622",40047,1,2,2,"QuaFit",-1169.91516862283,-1160.75333085824
"623",40047,1,2,2,"GenFit",NA,NA
"624",40047,1,2,2,"CubFit",-1168.58470531537,-1157.13240810963
"625",40048,1,2,2,"PowFit",-1009.71384354173,-1002.9258039106
"626",40048,1,2,2,"QuaFit",-1009.65042715853,-1000.59970765037
"627",40048,1,2,2,"GenFit",NA,NA
"628",40048,1,2,2,"CubFit",-1008.01888403652,-996.705484651315
"629",40049,1,2,2,"PowFit",-727.023862747947,-721.410259715223
"630",40049,1,2,2,"QuaFit",-725.577004996349,-718.092200952718
"631",40049,1,2,2,"GenFit",NA,NA
"632",40049,1,2,2,"CubFit",-723.577042922675,-714.221037868135
"633",40050,3,3,2,"PowFit",176.99279282151,185.860273994314
"634",40050,3,3,2,"QuaFit",110.442188830637,122.265497061042
"635",40050,3,3,2,"GenFit",112.962081839859,124.785390070264
"636",40050,3,3,2,"CubFit",111.963563595572,126.742698883579
"637",40051,3,3,2,"PowFit",81.5653310582206,89.5272121086931
"638",40051,3,3,2,"QuaFit",80.3013178210049,90.917159221635
"639",40051,3,3,2,"GenFit",83.5653305970798,94.1811719977099
"640",40051,3,3,2,"CubFit",79.1104937579836,92.3802955087712
"641",40052,3,1,1,"PowFit",-1272.32315205556,-1265.57766632941
"642",40052,3,1,1,"QuaFit",-1291.1931056465,-1282.19912467831
"643",40052,3,1,1,"GenFit",NA,NA
"644",40052,3,1,1,"CubFit",-1291.30838900094,-1280.06591279069
"645",40053,3,1,1,"PowFit",-1282.53917583943,-1275.79369011329
"646",40053,3,1,1,"QuaFit",-1306.99617478345,-1298.00219381525
"647",40053,3,1,1,"GenFit",NA,NA
"648",40053,3,1,1,"CubFit",-1311.73381814288,-1300.49134193263
"649",40054,3,1,1,"PowFit",-1250.92411599171,-1244.17863026557
"650",40054,3,1,1,"QuaFit",-1252.81114321223,-1243.81716224403
"651",40054,3,1,1,"GenFit",-1251.96587084633,-1242.97188987814
"652",40054,3,1,1,"CubFit",-1250.82679017963,-1239.58431396938
"653",40055,3,1,1,"PowFit",-1318.04805144491,-1311.30256571877
"654",40055,3,1,1,"QuaFit",-1316.0404607,-1307.0464797318
"655",40055,3,1,1,"GenFit",-1316.98916408564,-1307.99518311744
"656",40055,3,1,1,"CubFit",-1317.53469355568,-1306.29221734544
"657",40057,2,2,2,"PowFit",-92.0300565853463,-92.6547781776622
"658",40057,2,2,2,"QuaFit",-98.7391479273216,-99.5721100504094
"659",40057,2,2,2,"GenFit",-94.7161025255773,-95.549064648665
"660",40057,2,2,2,"CubFit",-96.9402185596489,-97.9814212135086
"661",40059,2,2,2,"PowFit",-137.131942183553,-136.540268451544
"662",40059,2,2,2,"QuaFit",-134.90309040764,-134.114192098296
"663",40059,2,2,2,"GenFit",-137.733238107834,-136.944339798489
"664",40059,2,2,2,"CubFit",-138.238047790715,-137.251924904034
"665",40061,1,2,3,"PowFit",-131.148445381944,-130.910120756904
"666",40061,1,2,3,"QuaFit",-125.283317927381,-124.965551760662
"667",40061,1,2,3,"GenFit",-97.4364489947481,-97.1186828280287
"668",40061,1,2,3,"CubFit",-124.736895559834,-124.339687851435
"669",40062,1,2,3,"PowFit",-136.284896010133,-136.046571385094
"670",40062,1,2,3,"QuaFit",-135.926207463216,-135.608441296497
"671",40062,1,2,3,"GenFit",NA,NA
"672",40062,1,2,3,"CubFit",-135.660969850539,-135.26376214214
"673",40063,3,2,2,"PowFit",-447.350229780404,-444.850589748235
"674",40063,3,2,2,"QuaFit",-448.542672880261,-445.209819504036
"675",40063,3,2,2,"GenFit",NA,NA
"676",40063,3,2,2,"CubFit",-446.981300960145,-442.815234239863
"677",40064,2,2,2,"PowFit",-185.508242857181,-183.008602825012
"678",40064,2,2,2,"QuaFit",-188.334491178367,-185.001637802142
"679",40064,2,2,2,"GenFit",-187.451963892793,-184.119110516568
"680",40064,2,2,2,"CubFit",-186.768528978815,-182.602462258534
"681",40065,2,2,2,"PowFit",-249.655768850338,-246.522201537168
"682",40065,2,2,2,"QuaFit",-247.790893644276,-243.612803893383
"683",40065,2,2,2,"GenFit",NA,NA
"684",40065,2,2,2,"CubFit",-245.844464918196,-240.621852729579
"685",40066,2,2,2,"PowFit",-104.342762594434,-102.024996427715
"686",40066,2,2,2,"QuaFit",-126.383415643419,-123.29306075446
"687",40066,2,2,2,"GenFit",NA,NA
"688",40066,2,2,2,"CubFit",-126.270089943678,-122.407146332479
"689",40067,2,2,2,"PowFit",-180.050565134462,-176.393937659858
"690",40067,2,2,2,"QuaFit",-195.609481430911,-190.733978131438
"691",40067,2,2,2,"GenFit",NA,NA
"692",40067,2,2,2,"CubFit",-193.94858294184,-187.854203817499
"693",40068,1,2,2,"PowFit",-40.0868433215641,-40.7115649138799
"694",40068,1,2,2,"QuaFit",-52.6699233560664,-53.5028854791542
"695",40068,1,2,2,"GenFit",-20.8519601923562,-21.684922315444
"696",40068,1,2,2,"CubFit",-63.954499446323,-64.9957021001827
"697",40069,1,2,2,"PowFit",-33.4256129286046,-34.0503345209204
"698",40069,1,2,2,"QuaFit",-47.6637137873918,-48.4966759104796
"699",40069,1,2,2,"GenFit",-21.2763782685653,-22.1093403916531
"700",40069,1,2,2,"CubFit",-46.8217465915189,-47.8629492453787
"701",40070,1,2,2,"PowFit",-28.396426564104,-29.0211481564199
"702",40070,1,2,2,"QuaFit",-26.0163380487224,-26.8493001718102
"703",40070,1,2,2,"GenFit",-26.7148020948487,-27.5477642179365
"704",40070,1,2,2,"CubFit",-30.5744424588018,-31.6156451126615
"705",40071,1,2,2,"PowFit",-24.3178575560329,-24.9425791483488
"706",40071,1,2,2,"QuaFit",-22.3720116054793,-23.204973728567
"707",40071,1,2,2,"GenFit",-22.9554282344911,-23.7883903575789
"708",40071,1,2,2,"CubFit",-38.142742327741,-39.1839449816007
"709",40072,1,2,2,"PowFit",-26.715116939317,-27.3398385316329
"710",40072,1,2,2,"QuaFit",-27.9050068390021,-28.7379689620899
"711",40072,1,2,2,"GenFit",-27.7398671960726,-28.5728293191604
"712",40072,1,2,2,"CubFit",-26.0118531330673,-27.0530557869271
"713",40073,1,2,2,"PowFit",-16.9412344431317,-17.5659560354476
"714",40073,1,2,2,"QuaFit",-19.3818481948806,-20.2148103179684
"715",40073,1,2,2,"GenFit",-17.6745662029689,-18.5075283260567
"716",40073,1,2,2,"CubFit",-26.5502240748172,-27.5914267286769
"717",40074,1,2,2,"PowFit",-22.3716905921002,-22.996412184416
"718",40074,1,2,2,"QuaFit",-26.090371601463,-26.9233337245508
"719",40074,1,2,2,"GenFit",-20.2801960802515,-21.1131582033393
"720",40074,1,2,2,"CubFit",-30.3746562716978,-31.4158589255576
"721",40075,1,2,2,"PowFit",-30.9298494849968,-31.5545710773127
"722",40075,1,2,2,"QuaFit",-38.9773513014495,-39.8103134245373
"723",40075,1,2,2,"GenFit",-35.6064336595028,-36.4393957825906
"724",40075,1,2,2,"CubFit",-37.5705479301513,-38.611750584011
"725",40076,1,2,2,"PowFit",-18.7518199848022,-19.376541577118
"726",40076,1,2,2,"QuaFit",-24.4375384252236,-25.2705005483113
"727",40076,1,2,2,"GenFit",-26.0335725692163,-26.8665346923041
"728",40076,1,2,2,"CubFit",-24.0893968244901,-25.1305994783498
"729",40077,1,2,2,"PowFit",-72.2431678615654,-72.8678894538812
"730",40077,1,2,2,"QuaFit",-69.2953785510643,-70.1283406741521
"731",40077,1,2,2,"GenFit",-69.9895211877117,-70.8224833107995
"732",40077,1,2,2,"CubFit",-81.2700841188634,-82.3112867727231
"733",40078,1,1,2,"PowFit",-60.7369181457918,-61.3616397381076
"734",40078,1,1,2,"QuaFit",-68.7259407739702,-69.5589028970579
"735",40078,1,1,2,"GenFit",NA,NA
"736",40078,1,1,2,"CubFit",-67.0940136685499,-68.1352163224096
"737",40079,1,1,2,"PowFit",-55.5704884836133,-56.1952100759292
"738",40079,1,1,2,"QuaFit",-56.5631379712637,-57.3961000943515
"739",40079,1,1,2,"GenFit",NA,NA
"740",40079,1,1,2,"CubFit",-57.4272423579938,-58.4684450118536
"741",40080,1,1,2,"PowFit",-48.5797212874292,-49.204442879745
"742",40080,1,1,2,"QuaFit",-47.4714827580422,-48.30444488113
"743",40080,1,1,2,"GenFit",NA,NA
"744",40080,1,1,2,"CubFit",-49.3866123249353,-50.427814978795
"745",40081,1,1,2,"PowFit",-58.5009198734289,-59.1256414657447
"746",40081,1,1,2,"QuaFit",-51.5980655690814,-52.4310276921691
"747",40081,1,1,2,"GenFit",-23.90503496797,-24.7379970910577
"748",40081,1,1,2,"CubFit",-57.8278156833987,-58.8690183372585
"749",40082,1,1,2,"PowFit",-32.3664588354246,-32.9911804277404
"750",40082,1,1,2,"QuaFit",-39.2264964441345,-40.0594585672222
"751",40082,1,1,2,"GenFit",-30.3664588322951,-31.1994209553829
"752",40082,1,1,2,"CubFit",-52.2454927689907,-53.2866954228504
"753",40083,1,1,2,"PowFit",-40.6539856981366,-41.2787072904525
"754",40083,1,1,2,"QuaFit",-56.6440756104624,-57.4770377335502
"755",40083,1,1,2,"GenFit",NA,NA
"756",40083,1,1,2,"CubFit",-56.0529920557083,-57.094194709568
"757",40084,1,1,2,"PowFit",-41.6989638822408,-42.3236854745566
"758",40084,1,1,2,"QuaFit",-43.424103932654,-44.2570660557418
"759",40084,1,1,2,"GenFit",NA,NA
"760",40084,1,1,2,"CubFit",-43.9551392272495,-44.9963418811092
"761",40085,1,1,2,"PowFit",-32.6275657885527,-33.2522873808685
"762",40085,1,1,2,"QuaFit",-38.368659749176,-39.2016218722637
"763",40085,1,1,2,"GenFit",NA,NA
"764",40085,1,1,2,"CubFit",-44.9976988426899,-46.0389014965497
"765",40086,1,1,2,"PowFit",-50.4524332308385,-51.0771548231543
"766",40086,1,1,2,"QuaFit",-42.7848432271915,-43.6178053502793
"767",40086,1,1,2,"GenFit",NA,NA
"768",40086,1,1,2,"CubFit",-48.0215407446447,-49.0627433985044
"769",40087,1,1,2,"PowFit",-29.4712094971254,-30.0959310894413
"770",40087,1,1,2,"QuaFit",-55.8680487482918,-56.7010108713796
"771",40087,1,1,2,"GenFit",NA,NA
"772",40087,1,1,2,"CubFit",-53.8720595919408,-54.9132622458005
"773",40088,1,2,2,"PowFit",-77.7622584162818,-78.3869800085976
"774",40088,1,2,2,"QuaFit",-79.7877060593195,-80.6206681824073
"775",40088,1,2,2,"GenFit",-76.8043803686095,-77.6373424916973
"776",40088,1,2,2,"CubFit",-78.1152369433345,-79.1564395971942
"777",40089,1,2,2,"PowFit",-70.2815409210793,-70.9062625133951
"778",40089,1,2,2,"QuaFit",-70.2781784761995,-71.1111405992873
"779",40089,1,2,2,"GenFit",NA,NA
"780",40089,1,2,2,"CubFit",-69.3688011874602,-70.4100038413199
"781",40090,1,2,2,"PowFit",-71.6769949593043,-72.3017165516202
"782",40090,1,2,2,"QuaFit",-70.9875875413965,-71.8205496644843
"783",40090,1,2,2,"GenFit",-71.5762576207089,-72.4092197437966
"784",40090,1,2,2,"CubFit",-69.2670223289809,-70.3082249828406
"785",40091,1,2,2,"PowFit",-68.681706882617,-69.3064284749329
"786",40091,1,2,2,"QuaFit",-70.9424713630919,-71.7754334861797
"787",40091,1,2,2,"GenFit",-66.630530598586,-67.4634927216737
"788",40091,1,2,2,"CubFit",-69.308732496118,-70.3499351499777
"789",40092,1,2,2,"PowFit",-67.2877601784508,-67.9124817707667
"790",40092,1,2,2,"QuaFit",-70.428371643987,-71.2613337670748
"791",40092,1,2,2,"GenFit",-69.6884076832162,-70.521369806304
"792",40092,1,2,2,"CubFit",-70.1001042642076,-71.1413069180674
"793",40093,1,2,2,"PowFit",-70.918852271574,-71.5435738638898
"794",40093,1,2,2,"QuaFit",-73.6101083434236,-74.4430704665114
"795",40093,1,2,2,"GenFit",NA,NA
"796",40093,1,2,2,"CubFit",-76.2226676234372,-77.2638702772969
"797",40094,1,2,2,"PowFit",-69.925031708195,-70.5497533005109
"798",40094,1,2,2,"QuaFit",-69.5118806241756,-70.3448427472634
"799",40094,1,2,2,"GenFit",NA,NA
"800",40094,1,2,2,"CubFit",-68.9194590587055,-69.9606617125652
"801",40095,1,2,2,"PowFit",-67.4789881887592,-68.1037097810751
"802",40095,1,2,2,"QuaFit",-66.6525456753629,-67.4855077984507
"803",40095,1,2,2,"GenFit",NA,NA
"804",40095,1,2,2,"CubFit",-79.6204144605632,-80.6616171144229
"805",40096,1,2,2,"PowFit",-77.9973475193199,-78.6220691116358
"806",40096,1,2,2,"QuaFit",-81.8290583422528,-82.6620204653406
"807",40096,1,2,2,"GenFit",-62.3318018856352,-63.164764008723
"808",40096,1,2,2,"CubFit",-86.181360821314,-87.2225634751738
"809",40097,1,2,2,"PowFit",-69.8492293402947,-70.4739509326105
"810",40097,1,2,2,"QuaFit",-85.4080245749833,-86.2409866980711
"811",40097,1,2,2,"GenFit",-71.8676017317967,-72.7005638548845
"812",40097,1,2,2,"CubFit",-87.4699578159573,-88.5111604698171
"813",40098,2,1,1,"PowFit",-479.242948308389,-475.708786817345
"814",40098,2,1,1,"QuaFit",-477.938280650819,-473.226065329427
"815",40098,2,1,1,"GenFit",-477.944304469139,-473.232089147747
"816",40098,2,1,1,"CubFit",-478.481730681624,-472.591461529885
"817",40099,2,1,1,"PowFit",-713.230801087036,-708.164162724694
"818",40099,2,1,1,"QuaFit",-720.283391174376,-713.52787335792
"819",40099,2,1,1,"GenFit",-717.764261615456,-711.008743799001
"820",40099,2,1,1,"CubFit",-719.684705175491,-711.240307904921
"821",40100,2,1,1,"PowFit",-803.786329742033,-798.719691379691
"822",40100,2,1,1,"QuaFit",-802.143728540942,-795.388210724486
"823",40100,2,1,1,"GenFit",-742.824649637175,-736.06913182072
"824",40100,2,1,1,"CubFit",-800.655488131935,-792.211090861366
"825",40101,3,1,1,"PowFit",-1441.81534222576,-1434.98534386871
"826",40101,3,1,1,"QuaFit",-1440.35486401352,-1431.24819953746
"827",40101,3,1,1,"GenFit",-1441.22443448896,-1432.11777001289
"828",40101,3,1,1,"CubFit",-1438.46036887916,-1427.07703828408
"829",40102,1,2,2,"PowFit",201.274778691202,209.120140241725
"830",40102,1,2,2,"QuaFit",21.8272037341921,32.2876858015571
"831",40102,1,2,2,"GenFit",203.274779255716,213.735261323081
"832",40102,1,2,2,"CubFit",23.8118018608138,36.8874044450201
"833",40103,3,1,1,"PowFit",-165.722225236225,-165.483900611186
"834",40103,3,1,1,"QuaFit",-164.204005799039,-163.886239632319
"835",40103,3,1,1,"GenFit",NA,NA
"836",40103,3,1,1,"CubFit",-164.192239126333,-163.795031417934
"837",40104,3,1,1,"PowFit",-182.664725215231,-182.426400590192
"838",40104,3,1,1,"QuaFit",-181.828595152017,-181.510828985298
"839",40104,3,1,1,"GenFit",-181.030543788081,-180.712777621362
"840",40104,3,1,1,"CubFit",-179.838944863405,-179.441737155006
"841",40105,2,1,1,"PowFit",-120.279539120731,-120.904260713047
"842",40105,2,1,1,"QuaFit",-132.151181269103,-132.984143392191
"843",40105,2,1,1,"GenFit",-18.2804459150713,-19.1134080381591
"844",40105,2,1,1,"CubFit",-132.99342351652,-134.03462617038
"845",40108,2,1,1,"PowFit",-410.580424000564,-404.15101982139
"846",40108,2,1,1,"QuaFit",-407.287484167275,-398.714945261709
"847",40108,2,1,1,"GenFit",-408.816969488194,-400.244430582628
"848",40108,2,1,1,"CubFit",-408.007571589995,-397.291897958037
"849",40109,2,1,1,"PowFit",-415.941771734194,-409.196286008046
"850",40109,2,1,1,"QuaFit",-505.802946043876,-496.808965075679
"851",40109,2,1,1,"GenFit",-413.941769339665,-404.947788371467
"852",40109,2,1,1,"CubFit",-507.004242205348,-495.761765995101
"853",40110,2,1,1,"PowFit",-543.080665442652,-536.250667085604
"854",40110,2,1,1,"QuaFit",-541.373558479665,-532.266894003601
"855",40110,2,1,1,"GenFit",NA,NA
"856",40110,2,1,1,"CubFit",-541.66209301344,-530.27876241836
"857",40111,1,2,2,"PowFit",-73.5365759200977,-74.1612975124135
"858",40111,1,2,2,"QuaFit",-73.7023654973455,-74.5353276204332
"859",40111,1,2,2,"GenFit",-49.5801759165841,-50.4131380396718
"860",40111,1,2,2,"CubFit",-74.5111382111931,-75.5523408650529
